Trainer,"Average Cost"
"Aaron Beasley",476.39
"Aaron Bowen",753.51
"Aaron Duncan",843.69
"Aaron Hubbard",817.45
"Aaron Jones",751.81
"Aaron Reed",423.71
"Abigail Gardner",401.35
"Abigail Higgins",611.51
"Abigail Underwood",964.4
"Adam Frye",559.55
"Adam Luna",732.84
"Adam Robinson",778.25
"Adam Sanford",394.1
"Adam Smith",795.72
"Adam Smith PhD",238.23
"Adam Walters",581.16
"Adrian Clark",873.52
"Adrian Flores",858.34
"Adrian Gray",231.76
"Alan Barry",560.03
"Alan Cook",956.95
"Alan Hall",575.1
"Alan Robinson",482.09
"Albert Armstrong",462.98
"Albert Clark",315.39
"Albert Schneider",416.76
"Alejandro Bates",973.34
"Alejandro Carter",997.38
"Alejandro Flynn",930.72
"Alejandro Newman",429.89
"Alex Scott",275.36
"Alexa Brown",166.28
"Alexander Bradley",505.6
"Alexander Garcia",173.45
"Alexander Harris",372.55
"Alexander King",628.62
"Alexander Myers",300.95
"Alexander Perez",267.76
"Alexander Tanner",964.12
"Alexandra Andrews",624.59
"Alexandra Garcia",440.54
"Alexandra Hall",646.76
"Alexandra Lin",848.72
"Alexandra Riley",509.67
"Alexandra Smith",363.8
"Alexandria Davis",842.6
"Alexis Johnson",942.24
"Alexis Lee",909.6
"Alexis Ryan",578.66
"Alice Mcbride",130.81
"Alicia Dunn",613.93
"Alicia Moore",314.51
"Alicia Reed",213.06
"Alisha Petersen",152.66
"Alisha Wade",329.83
"Allen Miller",220.32
"Allen Spencer",821.41
"Allison Brooks",403.42
"Allison Brown",898.26
"Allison Manning",903.18
"Allison Moore",354.21
"Allison Poole",622.08
"Alyssa Lowe",668.59
"Alyssa Mitchell",288.93
"Alyssa Morrow",229.18
"Alyssa Swanson",223.29
"Alyssa White",342.26
"Alyssa Williams",140.72
"Amanda Andersen",589.88
"Amanda Black",232.39
"Amanda Bradshaw",824.73
"Amanda Brooks",983.37
"Amanda Chase",905.51
"Amanda Christian",855.67
"Amanda Clayton",523.75
"Amanda Daniels",510.83
"Amanda Decker",119.62
"Amanda Fowler",180.73
"Amanda Gardner",925.68
"Amanda Greene",327.66
"Amanda Huff",238.12
"Amanda Hughes",723.9
"Amanda Johnson",583.69
"Amanda Kelly",198.08
"Amanda Lee",552.14
"Amanda Matthews",587.29
"Amanda Mcbride",660.4
"Amanda Medina",234.26
"Amanda Miller",851.24
"Amanda Nelson",999.79
"Amanda Olsen",174.03
"Amanda Owens",862.64
"Amanda Randolph",567.55
"Amanda Richardson",294.74
"Amanda Sanders",479
"Amanda White",196.27
"Amanda Woodard",102.16
"Amber Berry",939.72
"Amber Church",288.88
"Amber Gonzalez",111.94
"Amber Harris MD",475.91
"Amber Nelson",831.52
"Amber Peterson",528.76
"Amber Pope",975.75
"Amber Taylor",742.55
"Amber Vasquez",569.5
"Amber Vazquez",482.47
"Amber Waters",895.42
"Amber Williams",818.77
"Amber Wright",199.82
"Amy Bush",231.96
"Amy Clark",208.43
"Amy Davis",267.6
"Amy Fowler",475.32
"Amy Garcia",789.88
"Amy Gomez",774.74
"Amy Murray",247.01
"Amy Zimmerman",803.08
"Ana Lane",399.97
"Andre Donaldson",994.09
"Andre Maxwell",321.91
"Andre Wu",879.64
"Andrea Ball",433.03
"Andrea Barker",149.65
"Andrea Beck",606.57
"Andrea Cervantes",585.66
"Andrea Daugherty",629.85
"Andrea Gould",763.78
"Andrea Jones",121.45
"Andrea Lopez",774.31
"Andrea Rodriguez",227
"Andrea Scott",122.43
"Andres Thomas",542.56
"Andrew Burton",349.75
"Andrew Garcia",990.45
"Andrew Griffin",299.55
"Andrew Gross",648.72
"Andrew Hansen",693.8
"Andrew Harvey",545.87
"Andrew Haynes",667.34
"Andrew Hendricks",596.59
"Andrew Herrera",649.23
"Andrew Hughes",941.61
"Andrew Jones",819.65
"Andrew Jordan",524.23
"Andrew Lee",570.91
"Andrew Maldonado",408.39
"Andrew Perkins",721.79
"Andrew Phillips",647.25
"Andrew Powers",130.59
"Andrew Prince",227.13
"Andrew Rivera",604.53
"Andrew Sanders",984.63
"Andrew Schwartz",108.04
"Andrew Velazquez",567.74
"Andrew Wheeler",475.26
"Andrew Wright",345.26
"Angel Burgess",933.67
"Angel Mckinney",613.95
"Angel Morales",982.51
"Angela Carter",448.38
"Angela Castillo",385.62
"Angela Clark",205.35
"Angela Colon",662.15
"Angela Garcia",234.74
"Angela Good",893.07
"Angela Hammond",202.74
"Angela Lee",762.45
"Angela Lewis",727.36
"Angela Lindsey",101.26
"Angela Mitchell",242.55
"Angela Moore",173.66
"Angela Murphy",855.9
"Angela Norman",993.66
"Angela Perez MD",458.8
"Angela Sanchez",252.88
"Angela Simmons",826.31
"Angela Wolf",344.8
"Angelica Franco",292.36
"Angie Romero DDS",540.57
"Anita Dixon",241.25
"Anita Ray",198.55
"Anita Wright",502.65
"Ann Stevens",330.68
"Ann Wright",779.26
"Anna Barnett",632.57
"Anna Brooks",404.06
"Anna Clark",322.45
"Anna Dennis",909.56
"Anna Everett",145.76
"Anna Floyd",366.78
"Anna Franklin",655.61
"Anna Mitchell",834.44
"Anna Petty",125.7
"Anna Raymond",286.88
"Anna Stafford",505.4
"Anne Goodman",315.09
"Anne Holt",381.33
"Annette Pace",144.39
"Annette Thomas",449.65
"Anthony Austin MD",198.58
"Anthony Burns",512.53
"Anthony Burton",845.51
"Anthony Cannon",718.38
"Anthony Hodges",578.62
"Anthony Holland",458.37
"Anthony King",381.09
"Anthony Nixon",201.76
"Anthony Obrien",767.51
"Anthony Proctor",456.02
"Anthony Silva",332.51
"Anthony Smith",143.21
"Anthony Stanton",535.51
"Anthony Turner",228.41
"Anthony Wyatt",662.94
"Anthony Young",519.23
"Antonio Baker",943.91
"Antonio Cox",773.82
"Antonio Kidd",977.46
"April Brown",395.52
"April Harris",184.63
"April Howell",575.11
"April Montes",856.44
"April Nelson",794.61
"April Parrish",113.48
"April Peterson",607.81
"April Wilson",764.51
"Ariana Anderson",571.12
"Ariel Brown",517.41
"Ariel Hicks",454.55
"Arthur Morales",809.02
"Arthur Parker MD",247.81
"Arthur Soto",632.33
"Ashlee Conley",242.18
"Ashley Allen",133.4
"Ashley Ball",656.68
"Ashley Brown",322.3
"Ashley Carter",574.9
"Ashley Contreras",568.22
"Ashley Edwards",892.65
"Ashley Garrett",103.42
"Ashley Gonzalez",833.28
"Ashley Gray",727.12
"Ashley Holmes",640.05
"Ashley Jensen",271.68
"Ashley Jones",272.76
"Ashley Meyer",767.22
"Ashley Miller",983.35
"Ashley Price",189.7
"Ashley Robbins DDS",916.73
"Ashley Rodriguez",560.35
"Ashley Solis",731.84
"Ashley Stephens",543.64
"Ashley Wright",238.27
"Audrey Gray",202.91
"Audrey Stanley",143.28
"Austin Carlson",805.7
"Austin Gonzalez",370.64
"Austin Maynard",614.53
"Austin Moss",820.39
"Austin Reeves",149.09
"Austin Todd",439.63
"Autumn Harris",638.7
"Autumn Mcneil",518.46
"Autumn Stephenson",377.64
"Barbara Cochran",305.05
"Barbara Mitchell",129.32
"Barbara Moore",685.62
"Barbara Parker",412.58
"Barbara Stevenson",395.22
"Barbara Thomas",175.75
"Barry Sullivan",891.63
"Becky Curtis",577.78
"Becky Hebert",619.61
"Becky James",997.37
"Belinda Gonzalez",609.01
"Benjamin Arnold",474.95
"Benjamin Briggs",943.05
"Benjamin Cooley",604.06
"Benjamin Mathews",690.29
"Benjamin Mcdonald",967.18
"Benjamin Pittman",826.54
"Benjamin Rogers",237.14
"Benjamin Taylor",910.96
"Benjamin Thompson",794.12
"Benjamin Wilson",409.66
"Beth Ellis",957.24
"Beth Fields",465.54
"Beth Hughes",170.61
"Beth Kennedy",875.83
"Beth Lopez",577.84
"Beth Ryan",762.23
"Bethany Willis",525.69
"Betty Cox",910.99
"Betty Kelley",752.33
"Betty Williams",921.97
"Billy Baker",680.48
"Billy Kelly",866.14
"Blake Miller",184.66
"Bobby Knight",336.98
"Bobby Poole",942.81
"Bobby Stuart",145.13
"Bonnie King",905.55
"Bonnie Ross",793.43
"Brad Hogan",894.59
"Brad King",522.79
"Brad Williams",532.3
"Bradley Ferguson",443.04
"Bradley Garcia",967.51
"Bradley Maldonado",657.23
"Bradley Norris",728.77
"Bradley Petersen",993.13
"Bradley Taylor",756.43
"Bradley Walker",474.23
"Bradley Warner",879.86
"Brady Newton",569.17
"Brandi Clark",328.89
"Brandi Perez",183.63
"Brandi Petersen",886.06
"Brandon Booker",856.71
"Brandon Braun",643.82
"Brandon Brown",654.09
"Brandon Collins",285.5
"Brandon Cook",144.84
"Brandon Cunningham",882.2
"Brandon Fox",104.95
"Brandon Fuller",360.08
"Brandon Lee",293.55
"Brandon Mccarty",605.84
"Brandon Wilson",109.14
"Brandy Allison",764.43
"Brandy Conway",663.72
"Brandy Drake",119.82
"Brandy Greene",333.03
"Brandy Martin",171.46
"Brandy Young",205.22
"Breanna Gonzalez",859
"Breanna Williams",643.75
"Brenda Martinez",881.71
"Brenda Nguyen",647.41
"Brenda Rice",983.02
"Brenda Richardson",943.93
"Brenda Rodriguez",637.45
"Brenda Smith",647.01
"Brenda Tyler",113.42
"Brendan Francis",542.94
"Brendan Holmes",786.57
"Brendan Nelson",911.6
"Brendan Robles",261.13
"Brett Hernandez",798.08
"Brett Ortiz",711.71
"Brett Turner IV",171.03
"Brian Brown",324.81
"Brian Cobb",585.76
"Brian Espinoza",258.38
"Brian Fitzpatrick",771.98
"Brian Garcia",157.94
"Brian Graham",881.8
"Brian Hawkins",442.1
"Brian Hood",583.21
"Brian Kelly",644.97
"Brian Lee",438.74
"Brian Maynard",228.11
"Brian Murphy",721.83
"Brian Obrien",477.78
"Brian Odom",246.13
"Brian Powell",457.4
"Brian Powers",397.27
"Brian Rocha",691.82
"Brian Salazar II",596.62
"Brian Sanchez",969.95
"Brian Schmidt",661.88
"Brian Terry",754.08
"Brian Thompson",751.88
"Brian Turner",222.99
"Brian Williams",410.04
"Brianna Freeman",105.61
"Brianna Williams",795.28
"Brittany Chambers",582.37
"Brittany Clark",727.75
"Brittany Davis",318.34
"Brittany Fuller",913.34
"Brittany Garner",302.62
"Brittany Gutierrez",921.81
"Brittany Jones",956.92
"Brittany Mack",429.49
"Brittany Munoz",284.61
"Brittany Rodriguez",678.77
"Brittany Savage",131.41
"Brittany Trevino",980.78
"Brittany Wilson",759.38
"Brittney Chapman",953.68
"Brittney Lowe",942.66
"Brittney Miller",511.13
"Brooke Murray",894.92
"Brooke Washington",513.76
"Brooke White",974.28
"Bruce Ramirez",744.55
"Bruce Sanford",725.6
"Bruce Stanton",889.73
"Bryan Gonzalez",168.79
"Bryan Jones",505.4
"Bryan Kennedy PhD",427.12
"Bryan Reed",849.52
"Bryan Sanchez",294.55
"Bryan Young",864.5
"Caitlin Chavez",287.59
"Caitlin Flores",301.02
"Caleb Strickland",128.06
"Calvin Johnson",978.55
"Calvin Simmons",355.83
"Calvin Smith",764.21
"Cameron Martin",636.37
"Candace Anderson",281.27
"Candace Brown",880.9
"Candice Williams",780.94
"Carl Cooper",949.46
"Carl Edwards",549.8
"Carl Mathis",353.58
"Carl Peters",808.77
"Carla Smith",857.19
"Carlos Boyer MD",961.33
"Carlos Finley",936.77
"Carlos Leonard",516.4
"Carlos Wilson",686.05
"Carly Jacobs",972.9
"Carmen Cortez",808.51
"Caroline Williams",157.04
"Carolyn Deleon",271.49
"Carolyn Hamilton",136.48
"Carolyn Sellers",773.63
"Carolyn Ward",107.77
"Carrie Anderson",360.02
"Carrie Stanton",135.18
"Carrie Thompson",804.01
"Carrie Walton",583.76
"Casey Armstrong",942.28
"Casey Johnston",538.83
"Casey West",149.67
"Cassandra Bell",941.54
"Cassandra Bowen",450.81
"Cassandra Davis",318.38
"Cassandra Mendoza",140.27
"Catherine Ellison",426.97
"Catherine Hardin",992.37
"Catherine Henderson",762.82
"Catherine Lewis",302.97
"Catherine Whitehead",812.13
"Cathy Fleming",400.95
"Cathy Johnson",842.88
"Cathy Porter DVM",531.1
"Cathy Velazquez",662.8
"Cathy Wolf",123.81
"Chad Gutierrez",488.05
"Chad Mccall",768.06
"Chad Payne",466.32
"Chad Snow",759.9
"Chad Taylor",474.09
"Chad Watts",830.36
"Charles Bender",757.48
"Charles Brandt",120.14
"Charles Farrell",170.62
"Charles Garcia",508.31
"Charles Garner",220.14
"Charles Hurley",376.96
"Charles Jones",458.81
"Charles Lee",397.48
"Charles Olson",342.57
"Charles Parker",845.17
"Charles Robles",761.28
"Charles Rubio",314
"Charles Rush",512.6
"Charles Spencer",507.49
"Charlotte Goodwin",767.52
"Chase Carter",927.52
"Chelsea Bullock",416.37
"Chelsea Davis",418.08
"Chelsea Stokes",386.95
"Chelsey Long",330.04
"Cheryl Greene",946.99
"Cheryl Middleton",765.68
"Cheryl Ortiz",399.26
"Cheryl Schultz",840.46
"Cheryl Watts",249.76
"Cheyenne Rice",371.27
"Chris Beasley",403
"Chris Clark",572.45
"Chris Walker",739.74
"Christian Abbott",675.02
"Christian Higgins",701.55
"Christian Ramsey",449.84
"Christina Bautista",983.59
"Christina Garcia",615.7
"Christina Moore",572.64
"Christina Nguyen",616.66
"Christina Ruiz",869.96
"Christina Thompson",670.58
"Christina Waters",942.51
"Christine Adams",997.87
"Christine Carter",654.22
"Christine Cook",572.11
"Christine Escobar",140.03
"Christine Kelly",648.23
"Christine Logan",502.39
"Christine Reed",385.82
"Christine Rollins",579.06
"Christine Stein",100.17
"Christine Stevens",448.93
"Christopher Adams",788.1
"Christopher Avila",571.81
"Christopher Bailey",827.05
"Christopher Becker",792.72
"Christopher Brown",546.94
"Christopher Caldwell",128.89
"Christopher Cannon",981.64
"Christopher Carroll",959.78
"Christopher Contreras",286.12
"Christopher Curtis",689.48
"Christopher Davidson",121.88
"Christopher Drake",132.75
"Christopher Dudley",692.96
"Christopher Flynn",506.08
"Christopher Garcia",561.14
"Christopher George",758.21
"Christopher Gibson",836.19
"Christopher Gonzalez",496.85
"Christopher Griffin",669.57
"Christopher Hayes",293.85
"Christopher Herring",919.25
"Christopher Hughes",249.77
"Christopher Jackson",373.49
"Christopher Johnson",627.18
"Christopher Jones",855.27
"Christopher Long",816.64
"Christopher Maxwell",575.77
"Christopher Mcfarland",514.37
"Christopher Mitchell",301.42
"Christopher Mueller",263.04
"Christopher Owen",663.19
"Christopher Perry",707.59
"Christopher Porter MD",250.11
"Christopher Price",299.75
"Christopher Ramirez",760.81
"Christopher Rowe",409.99
"Christopher Rowland",729.41
"Christopher Ryan",357.69
"Christopher Santos",815.52
"Christopher Smith",214.31
"Christopher Stephens",229.87
"Christopher Underwood",649.03
"Christopher Valenzuela",341.65
"Christopher Warren",933.76
"Christopher White",897.96
"Christopher Whitehead",361.52
"Christopher Yates",836.76
"Christopher Young",123.26
"Christy Jones",763.23
"Cindy Fletcher",381.94
"Cindy Horn",434.39
"Cindy King",454.23
"Cindy Richard",152.78
"Cindy Schultz",770.84
"Claudia Clark",594.61
"Claudia Williams",441.43
"Clifford Washington",223.6
"Cody Adams",111.96
"Cody Brown",732.02
"Cody Daugherty",997.13
"Cody Dickson",809.68
"Cody Flores",355.75
"Cody Moses DDS",683.42
"Cody Murray",909.47
"Cody Wheeler",872.29
"Colleen Barrett",544.31
"Colleen Miller",838.69
"Collin Santiago",283.33
"Collin Turner",543.81
"Colton Farmer",102.96
"Colton Knight",922.33
"Connie Mason",200.34
"Corey Anthony",187.65
"Corey Hernandez",368.8
"Corey Hines",650.48
"Corey Morales",861.5
"Corey Pennington",468.59
"Corey Taylor DDS",940.22
"Cory Garcia",856.15
"Cory Russell",144.25
"Courtney Gray",801.16
"Courtney Mendez",610.96
"Courtney Palmer",278.7
"Courtney Smith",933.39
"Craig Sullivan",849.25
"Cristina Shields",206.53
"Crystal Baldwin",894.75
"Crystal Barnett",136.94
"Crystal Brown",199.55
"Crystal Elliott",100.55
"Crystal Henderson",522.86
"Crystal Hughes",218.13
"Crystal Nelson",562.14
"Crystal Norton",684.24
"Crystal Roberts",302.52
"Crystal Wallace",700.53
"Curtis Price",448.48
"Cynthia Allen",277.22
"Cynthia Bailey",134.05
"Cynthia Bradley",482.23
"Cynthia Brown",570.62
"Cynthia Lewis",376.59
"Cynthia Patton",668.77
"Cynthia Porter",533.97
"Cynthia Stokes",107.48
"Cynthia Stone",483.43
"Cynthia Wilson",695.56
"Dale Heath",688.55
"Dale Wilkinson",357.94
"Damon Ross",504.66
"Dana Adams",754.47
"Dana Alvarez",233.42
"Dana Johnson",277.31
"Dana Martin",285.83
"Dana Neal",948.31
"Dana Price",386.26
"Daniel Alvarez",705.24
"Daniel Barnes",130.29
"Daniel Barnett",504.34
"Daniel Barton",157.78
"Daniel Benitez",300.12
"Daniel Bennett",706.08
"Daniel Brown",911.36
"Daniel Daugherty",680.48
"Daniel Edwards",839.12
"Daniel Garrett",239.16
"Daniel Green",760.24
"Daniel Harrison",474.36
"Daniel Holt",227.9
"Daniel Hughes",886.63
"Daniel Johnson",292.85
"Daniel Jones",812.59
"Daniel Mendez",399.81
"Daniel Miller",691.04
"Daniel Morris",723.42
"Daniel Perez",876.73
"Daniel Ramos",722.92
"Daniel Richardson",629.25
"Daniel Rivera",970.01
"Daniel Ross",923.23
"Daniel Scott",108.2
"Daniel Solomon",526.74
"Daniel Taylor",556.33
"Daniel Wilson",734.68
"Daniel Wood",578.02
"Danielle Decker",338.48
"Danielle Griffin",254.68
"Danielle Maxwell",473.77
"Danielle Peck",790.72
"Danielle Santiago",721.03
"Danielle Valdez",200.13
"Danielle Wells",785.05
"Danielle Wise",735.7
"Danny Baker",845.21
"Danny Charles",744.4
"Danny Clark",331.52
"Danny Santiago",145.7
"Danny Smith",535.88
"Darlene Harris",603.03
"Darlene Vega",566.12
"Darrell Davidson",601.2
"Darren Harrell",919.95
"Darren Huynh",912.27
"Darren Lam",570.04
"Darren Mccarthy",756.19
"Daryl Mullins",343.22
"Dave Williams",247.11
"David Anderson",367.22
"David Black",645.11
"David Brown",813.03
"David Bush",900.21
"David Cobb",556.09
"David Cooper",163.17
"David Cunningham",841.22
"David Davis",850.73
"David Dennis",634.92
"David Evans",646.7
"David Flores",160.81
"David Garza",572.56
"David Harris",203.04
"David Hart",540.96
"David Henson",742.26
"David Hernandez",629.2
"David Hoffman",978.88
"David Jenkins",159.37
"David Maldonado",784.93
"David Martin",694.23
"David Matthews",439.65
"David Miller MD",999
"David Nash",124.77
"David Ramirez",633.54
"David Ray",488.66
"David Reilly",668.1
"David Roberts",614.11
"David Rodriguez",938.59
"David Rogers",485.05
"David Ruiz",220.95
"David Russell",925.16
"David Stewart",295.08
"David Underwood",288.16
"David Velazquez",310.41
"David Watkins",831.09
"David Wood",101.56
"David Wright",656.05
"David Young",729.03
"Dawn Dunn",333.8
"Dawn Gardner",526.6
"Dawn Lara",845.94
"Dawn Moon",412.34
"Dean Grimes",872.91
"Debbie Adkins",864.03
"Debbie Arnold",543.46
"Debbie Mccormick",681.18
"Debbie Miller",727.81
"Debbie Salas",627.11
"Debbie Young",598.51
"Deborah Ball",703.29
"Deborah Oliver",222.56
"Deborah Reed",251.83
"Deborah White",947.76
"Debra Bailey",177.99
"Debra Barton",954.37
"Debra Smith",157.17
"Debra Williams",990.69
"Denise Adams",548.95
"Denise Carter",980.41
"Denise Chandler",163.61
"Denise Guzman",905.6
"Denise Lopez",271.9
"Denise Wilkerson",360.5
"Dennis Davis",866.13
"Dennis Decker",976.03
"Dennis Lucas",953.92
"Dennis Robbins",125.34
"Dennis Romero",915.92
"Derek Harrell",256.21
"Derek Johnston",462.45
"Derek Mason",414.55
"Derek Smith",147.4
"Derek Walker",482.47
"Derek Wilson",730.86
"Derrick Hernandez",689.87
"Derrick Walker",649.64
"Derrick Wallace",562.06
"Derrick Young",795.5
"Devin Clark MD",799.99
"Diana Benton",632.28
"Diana Johnson",978.89
"Diana Walsh",222.04
"Diane Alvarado",746.99
"Diane Carlson",742.84
"Diane Duran",108.95
"Diane Freeman",244.22
"Diane Lam",241.19
"Diane Larson",634.34
"Dominic Spencer",646.72
"Dominique Gordon",119.24
"Dominique Hughes",538.16
"Donald Anderson",443.99
"Donald Crane",172.72
"Donald Franklin",576.1
"Donald Gregory",711.8
"Donald Martinez",399.03
"Donald Rogers",590.82
"Donald Wong",892.06
"Donna Barr",331.46
"Donna Cain PhD",687.99
"Donna Cook",962.54
"Donna Diaz",473.23
"Donna Flores",899.2
"Donna Gonzalez",706.23
"Donna Guzman",252.22
"Donna Joseph",713.3
"Donna Webster MD",970.35
"Dorothy Gould",124.93
"Douglas Barton",538.02
"Douglas Brown",819.87
"Douglas Dean",896.8
"Douglas Green",852.21
"Douglas Greer",738.65
"Douglas Harris",851.51
"Douglas Johnson",159.42
"Douglas Norton",557.02
"Douglas Phillips",676.95
"Douglas Robinson",161.47
"Douglas Silva",180.44
"Dr. Allison Reese",298.1
"Dr. Christina Dickerson",164.22
"Dr. Christina Johnson",999.83
"Dr. Craig Baker",120.79
"Dr. Dana Wells",327.82
"Dr. Derek Shaffer",371.76
"Dr. Eric Reynolds",754.78
"Dr. Heather Osborne",924.06
"Dr. Jennifer Jones",956.11
"Dr. John Moore",209.86
"Dr. Joseph Graham",691.12
"Dr. Krista Hatfield",374.73
"Dr. Lisa Bishop MD",532.85
"Dr. Margaret Allen",533.5
"Dr. Melanie Kennedy",605.05
"Dr. Michael Day",203.44
"Dr. Natalie Pacheco",663.36
"Dr. Oscar White DDS",637.84
"Dr. Patricia Johnson",518.54
"Dr. Reginald Chavez",131.92
"Dr. Steven Walker",962.76
"Dr. Taylor Davis",203.34
"Drew Delacruz",260.84
"Duane Trevino",132.97
"Dustin Alexander",271.37
"Dustin Anderson",506.4
"Dustin Haley",437.26
"Dustin Lewis",542.89
"Dustin Morgan",308.77
"Dustin Phillips",406.1
"Dustin Ramsey",144.68
"Dustin Smith",205.24
"Dwayne Allen",765.2
"Dwayne Day",301.39
"Eddie Foster",453.4
"Eddie King",186.77
"Eduardo Foster",226.93
"Edward Campbell",913.62
"Edward Davis",272.22
"Edward Gibson",121.62
"Edward Morris",858.62
"Edward Wood",914.52
"Edwin Brown",453.51
"Edwin Gomez",365.03
"Edwin Valencia",535.19
"Elijah Henson",458.78
"Elizabeth Allen",878.11
"Elizabeth Barr",325.78
"Elizabeth Cook",143.96
"Elizabeth Crane",581.95
"Elizabeth Davis",589.5
"Elizabeth Elliott",651.4
"Elizabeth Fischer",274.22
"Elizabeth Frank",949.78
"Elizabeth Lloyd",355.84
"Elizabeth Lopez",608.47
"Elizabeth Miller",398.98
"Elizabeth Powell",255.6
"Elizabeth Robinson",304.06
"Elizabeth Russell",684.64
"Elizabeth Sanchez",993.7
"Elizabeth Sawyer",869.94
"Ellen Anderson",635.31
"Emily Baker",304.9
"Emily Davis",942.09
"Emily Fisher",455.52
"Emily Gonzalez",444.22
"Emily Harmon",218.93
"Emily Henderson",957.12
"Emily Hernandez",169.71
"Emily Johnson",341.74
"Emily Pierce",197.78
"Emily Robinson",860.31
"Emily Tate",635.71
"Emily Turner",100.04
"Emma Moran",651.52
"Emma Wright",106.21
"Eric Allen",967.94
"Eric Bradley",321.25
"Eric Bullock",256.57
"Eric Charles",764.74
"Eric Clark",857.42
"Eric Contreras",478.76
"Eric Davis",592.47
"Eric Gallegos",903.8
"Eric Gonzales",973.53
"Eric Harris",523.82
"Eric Jarvis",704.42
"Eric Johnson",606.68
"Eric Lucas",158.97
"Eric Miranda",569.5
"Eric Moore",705.36
"Eric Shaw",483.54
"Eric Smith",751.78
"Eric Snyder",311.28
"Eric Vaughn",616.09
"Eric Webb",806.4
"Eric Weiss",649.51
"Erica Brewer",993.08
"Erica Johnson",174.85
"Erica Maxwell",758.18
"Erica Wilson",633.67
"Erica Winters",733.16
"Erik Marsh",832.37
"Erik Reeves",875.02
"Erika Jackson",447.66
"Erika Roberts",704.7
"Erin Day",794.92
"Erin Everett",255.02
"Erin Jones",242.36
"Erin Keller DVM",419.79
"Erin Mills",990.59
"Ernest Walter",594.15
"Ethan Brown",321.03
"Ethan Golden",566
"Ethan Williams",141.91
"Evan Adams",774.44
"Evan Davis",663.08
"Evan Hart",910.09
"Evelyn Gray",170.61
"Evelyn Hart",842.36
"Evelyn Hayes",374.02
"Evelyn Hill",997.24
"Faith Ortega",755.69
"Felicia Berg",451.18
"Felicia Hart",428.44
"Felicia Johnson",297.12
"Frances Hansen",218.61
"Francis Cox",386.07
"Francis Rosales",487.27
"Francisco Hines",815.24
"Francisco Walker",758.62
"Frank Harris",789.99
"Frank Jackson",801.69
"Frank Joyce",109.98
"Frank Mitchell",498.19
"Frank Perez",892.3
"Frank Perry",879.89
"Frank Rhodes",158.79
"Frank Rogers",607.97
"Franklin Hunter",804.37
"Frederick White",219.78
"Gabriel Miller",118.43
"Gabriela Rodriguez",188.56
"Gabriella Salazar",792.46
"Gabrielle Matthews",950.45
"Gabrielle Pierce",422.27
"Garrett Johnson",392.14
"Gary Hill",516.9
"Gary Jackson",493.72
"Gary Johnson",319.94
"Gary Love",136.76
"Gary Park",946.23
"Gary Rocha",226.7
"Gary Smith",374.58
"Gary Thompson",726.74
"Gary Thornton",402.13
"George Boone",501.87
"George Brown",428.9
"George Burns",995.52
"George Hopkins",829.08
"George Morris",641.09
"George Norris",825.61
"George Orozco",358.73
"George Stevenson",586.5
"George Swanson",996.18
"Gerald Barnes",627.14
"Gerald Gonzales",703.45
"Gerald Reynolds",820.65
"Gerald White",209.47
"Gerald Wilson",244.25
"Gina Moore",804.06
"Gina Morris",217.57
"Gina Smith",273.84
"Gina White",692.71
"Gina Williams",832.86
"Glenda Ryan",758.95
"Glenn Jensen",453.86
"Glenn Jimenez",378.51
"Gloria Phillips",766.77
"Grace Archer",425.34
"Grace Davis",912.22
"Grace Wheeler",326.7
"Grant Long",123.83
"Grant Rodriguez",154.71
"Gregg Foster",494.02
"Gregg Jacobs",328.74
"Gregory Davis",761.63
"Gregory Fowler",561.63
"Gregory Garcia",190.55
"Gregory Henderson",349.8
"Gregory Kline",845.82
"Gregory Kramer",570.42
"Gregory Pratt",669.19
"Gregory Smith",168.47
"Gregory Wells",958.29
"Gregory Woodward",786.98
"Guy Cuevas",583.66
"Gwendolyn Keller",770.38
"Gwendolyn Sullivan",544.19
"Hannah Berry",985
"Hannah Cortez",331.66
"Hannah Hernandez",491.87
"Hannah Le",230.6
"Hannah Mays",312.56
"Hannah Mitchell",833.13
"Hannah Ortiz",288.09
"Hannah Smith",486.63
"Hannah Trevino",716.39
"Harold Harper",880.42
"Harold Miller",369.94
"Harry Gibson",724.83
"Harry Hernandez",970.09
"Heather Baker",818.39
"Heather Barrett",887.46
"Heather Butler",367.56
"Heather Cruz",551.76
"Heather Edwards",926.19
"Heather Gutierrez",971.46
"Heather Hahn",387.35
"Heather Henry",327.37
"Heather Hoover",385.68
"Heather Jones",337.52
"Heather Murillo",797.35
"Heather Nunez",904.54
"Heather Peters",456.95
"Heather Price",758.41
"Heather Shaffer",145.99
"Heather Silva",520.41
"Heather Tucker",817.87
"Hector Hinton",788.64
"Heidi Chavez",397.01
"Heidi Cole",783.36
"Henry Brown",471.89
"Henry Fowler",858.29
"Henry Hines",734.94
"Henry Kelly",966.19
"Herbert Perez",826.65
"Holly Elliott",663.78
"Holly Roth",803.94
"Holly Sloan",820.33
"Holly Stewart",233.22
"Hunter Garcia",964.4
"Ian Baker",708.78
"Ian Bennett",712.43
"Ian Brown",959.73
"Ian Martin",303.01
"Ian Martinez",472.64
"Ian Simon",422.63
"Ian Snow",427.99
"Isaac Baker",176.2
"Isaac Burke",231.28
"Isabel Little",457.17
"Isaiah Oconnell DDS",821.39
"Ivan Garcia",971.57
"Ivan Patton",684.08
"Jackie Johnson",391.85
"Jackson Stanley",229.05
"Jaclyn Cordova",457.74
"Jacob Forbes",386.55
"Jacob Fox",346.28
"Jacob Johnson",745.31
"Jacob Lee",107.48
"Jacob Moore",236.69
"Jacob Reese",957.31
"Jacob Richards",866.79
"Jacob Roach",693.56
"Jacob Soto",724.95
"Jacob White",370.79
"Jacob Wilson",643.22
"Jacqueline Barton",819.86
"Jacqueline Kelly",645.16
"Jacqueline Maxwell",236.34
"Jacqueline Mclaughlin",204.1
"Jacqueline Thornton",323.12
"Jaime Brown",989.3
"James Allen",658.27
"James Benton",837.16
"James Brown",455.1
"James Dixon",961.47
"James Dominguez",501.64
"James Evans",801.31
"James Fox",906.62
"James Garcia",537.12
"James Gibson",602.26
"James Gonzalez",299.59
"James Green DVM",157.8
"James Gross",676.42
"James Haley",461.57
"James Haynes",445.34
"James Hudson",781.04
"James Johnson",601.88
"James Kelley",488.94
"James Larson",957.9
"James Lee",265.55
"James Lopez",795.72
"James Mccormick",743.28
"James Mclean",986.69
"James Owens",605.29
"James Pearson",606.76
"James Peck",726.88
"James Perez",624.77
"James Phelps",606.63
"James Reed",846.43
"James Reid",812.6
"James Riley",439.3
"James Spencer Jr.",833.89
"James Vasquez",892.83
"James Wagner",359.87
"James Welch",255.55
"James Williams",591.83
"James Young",701.34
"Jamie Davis MD",850.28
"Jamie Dougherty",418.4
"Jamie Frazier",912.62
"Jamie Kim",483.07
"Jamie Mays",844.93
"Jamie Riley",939.02
"Jamie Taylor",283.29
"Jane Romero",981.17
"Janet Brady",602.56
"Janet Schneider",320.38
"Janice Leblanc",853.77
"Jared Martin",246.16
"Jared Mcclain",136.15
"Jared Moses",134.93
"Jared Spence",849.36
"Jasmin Flynn",693.25
"Jasmin Walker",697.28
"Jasmine Conner",376
"Jasmine George",788.69
"Jasmine Parks",287.3
"Jason Brewer",356.98
"Jason Chan",588.88
"Jason Clayton",632.73
"Jason Faulkner",373.67
"Jason Gallegos",808.05
"Jason Garcia",144.74
"Jason Gibson",168.71
"Jason Jones",146.48
"Jason Lane",695.42
"Jason Leonard",387.11
"Jason Martinez",344.06
"Jason Mcmahon",391.4
"Jason Mendoza",546.24
"Jason Moore",615.28
"Jason Morgan",211.39
"Jason Morris",789.2
"Jason Parker",428.13
"Jason Salas",183.88
"Jason Smith",767.33
"Jason Taylor",918.86
"Jason Velez",484.08
"Jason Wells",569.42
"Jason Williams",999.97
"Javier Cohen",291.9
"Jay Ball",723.57
"Jay Lopez",195.63
"Jay Wilkins",690.41
"Jean Lee",677.45
"Jeanette Kirby",140.78
"Jeanne Turner",533.61
"Jeff Martin",150.96
"Jeffery Brown",276.47
"Jeffery Johnston",190.1
"Jeffery Kim",775.59
"Jeffery Phillips",258.73
"Jeffrey Edwards",954.02
"Jeffrey Gonzales",132.52
"Jeffrey Gutierrez",202.81
"Jeffrey Harvey",598.72
"Jeffrey Hester",926.85
"Jeffrey Higgins",705.95
"Jeffrey Marshall",355.3
"Jeffrey Moreno",799.88
"Jeffrey Olson",242.87
"Jeffrey Roberts",339.73
"Jeffrey Robinson",433.67
"Jeffrey Williams",496.31
"Jenna Parks",129.49
"Jenna Sherman",648.76
"Jenna Waters",980.49
"Jennifer Armstrong",102.92
"Jennifer Austin",353.71
"Jennifer Bailey",213.91
"Jennifer Beasley",351.35
"Jennifer Bell",881.51
"Jennifer Bray",989.75
"Jennifer Brown",627.11
"Jennifer Castro",927.08
"Jennifer Cline MD",894.38
"Jennifer Diaz",386.87
"Jennifer Estrada",207.17
"Jennifer Ferguson",690.75
"Jennifer Fox",285.55
"Jennifer Garcia",699.97
"Jennifer Gonzales",379.68
"Jennifer Gutierrez",599.41
"Jennifer Hayes",140.82
"Jennifer Henderson",193.51
"Jennifer Hunter",741.95
"Jennifer Jimenez",610.06
"Jennifer Johnston",677.84
"Jennifer Jones",133.56
"Jennifer Juarez",760.53
"Jennifer Lopez",982.33
"Jennifer Mclaughlin",882.76
"Jennifer Miller",259.5
"Jennifer Myers",353.7
"Jennifer Olson",539
"Jennifer Peterson",145.47
"Jennifer Reed",550.72
"Jennifer Richmond",177.66
"Jennifer Roberts",882.06
"Jennifer Robinson",431.57
"Jennifer Rodriguez",517.74
"Jennifer Thomas",972.3
"Jennifer Thornton",758.79
"Jennifer Turner MD",460.59
"Jennifer White",860.91
"Jennifer Woods",116.4
"Jenny Peters",457.71
"Jenny Stewart",176.63
"Jeremiah Herring",710.31
"Jeremy Andrews",489.02
"Jeremy Garcia",485.73
"Jeremy Lee",313.5
"Jeremy Little",555.6
"Jeremy Mendez",254.85
"Jeremy Morris",877.47
"Jeremy Paul",965.82
"Jeremy Ramirez",769.76
"Jeremy Robinson",190.07
"Jeremy Schneider",715.87
"Jeremy Townsend",888.55
"Jermaine Coleman",840.76
"Jerome Moss",513.54
"Jerry Berry",851.72
"Jerry Carter",715.98
"Jerry Davis",265.46
"Jerry Ortiz",997.89
"Jesse Acosta",680.09
"Jesse Flores",962.02
"Jesse Sullivan",398.65
"Jessica Alexander",360.38
"Jessica Ashley",143.32
"Jessica Berry",912.5
"Jessica Brown",547.76
"Jessica Caldwell",846.88
"Jessica Cortez",363.02
"Jessica Crawford",325.19
"Jessica Cunningham",283.57
"Jessica Evans",673.38
"Jessica Garcia",695.11
"Jessica Golden",118.94
"Jessica Greer",743.92
"Jessica Hicks",912.1
"Jessica Hodges",444.4
"Jessica Hudson",671.21
"Jessica Johnston",883.34
"Jessica Jones",848.92
"Jessica King",684.45
"Jessica Lopez",511.42
"Jessica Malone DDS",107.29
"Jessica Miller",222.11
"Jessica Mills",113.89
"Jessica Moses",603.57
"Jessica Odom",202.09
"Jessica Pratt",758.46
"Jessica Quinn",483.82
"Jessica Reyes",617.52
"Jessica Robinson",908.5
"Jessica Spencer",136.33
"Jessica Taylor",644.72
"Jessica Turner",231.65
"Jessica Vazquez",124.65
"Jessica Wallace",469.03
"Jesus Daniel",570.13
"Jesus Holmes",754.61
"Jesus Jackson",438.44
"Jesus Wiggins",872.57
"Jill Fox DVM",857.61
"Jill Gibson",386.89
"Jill Macdonald",332.9
"Jill Martin",359.08
"Jillian Rodriguez",877.62
"Jim Adams",196.31
"Jimmy Collins",655.83
"Jimmy Day",492.21
"Jimmy Lucero",975.46
"Jimmy Roach",521.51
"Joan Reeves",999.72
"Joan Roach",317.06
"Joan Williams",798.7
"Joann Williamson",166.1
"Joanna Dixon",928.48
"Joanna Long",379.57
"Joanna Rivers PhD",864.47
"Joanne Ward",258.07
"Jocelyn Lee",673.27
"Jodi Davis",391.39
"Jodi Gibson DDS",793.86
"Jodi Lyons",938.63
"Jodi Mitchell",194.06
"Joe Anderson",384.43
"Joe Flores",140.83
"Joe Garcia",506.18
"Joe Gonzalez",394.04
"Joel Brooks",675.37
"Joel Brown",944.89
"Joel Romero",775.58
"Joel Thomas",103.07
"John Alexander",839.86
"John Allen",581.89
"John Anderson",791.78
"John Baker",404.78
"John Branch",699.76
"John Brown",798.4
"John Choi",840.27
"John Daniel",654.35
"John Faulkner",391.22
"John Gallagher",926.17
"John Gamble",578.81
"John Garza",598.07
"John Gonzalez",849.95
"John Graham",730.31
"John Guerra",409.16
"John Gutierrez DDS",788.67
"John Higgins",163.79
"John Hobbs",561.89
"John Holden",430.46
"John Jones",980.65
"John King",550.42
"John Lowe",368.55
"John Mercado",249.66
"John Miller",480.87
"John Ortega",360.65
"John Ortiz",431.12
"John Patel",436.23
"John Ramirez",560.55
"John Reid",114.45
"John Richards",165.67
"John Russell",141.14
"John Santos",668.2
"John Sawyer",669.81
"John Smith",242.28
"John Ward",492.2
"John Watson",740.51
"John Whitaker",889.07
"John Williams",440.28
"John Williams DDS",838.84
"John Wilson",818.6
"Johnathan Doyle",920.41
"Johnathan Rodriguez",507.58
"Johnny Austin",784.89
"Johnny Moore",643.9
"Johnny Walls",916.21
"Jon Braun",746.57
"Jon Garcia",436.98
"Jon Reed",889.91
"Jon Roberts",800.81
"Jonathan Alvarez",519.35
"Jonathan Anderson",629.24
"Jonathan Bowen",535.93
"Jonathan Brady",184.9
"Jonathan Davis",326.98
"Jonathan Flores",575.42
"Jonathan French",930.1
"Jonathan Garcia",750.65
"Jonathan Hunt",381.36
"Jonathan Lozano",257.87
"Jonathan Perry",282.85
"Jonathan Peterson",781.81
"Jonathan Rodriguez",656.38
"Jonathan Sparks",573.08
"Jonathan Stewart",283.86
"Jonathan Todd",697.67
"Jonathan Williams",448.57
"Jonathon Obrien",961.55
"Jonathon Smith",898.93
"Jordan Green",478.07
"Jordan Jarvis",187.35
"Jordan Stanley",316.61
"Jordan Trevino",685.82
"Jordan Williams",812.22
"Jordan Wilson",470.24
"Jorge Rice",769.97
"Jose Bell",768.55
"Jose Boyd",846.55
"Jose Gates",162.46
"Jose Guzman",719.54
"Jose King",148.97
"Jose Mcdaniel",704.93
"Jose Warren",152.85
"Jose Webster",114.28
"Jose Young",588.64
"Joseph Bell",164.41
"Joseph Blankenship",951.82
"Joseph Campbell",493.98
"Joseph Carlson",358.65
"Joseph Chambers",158.86
"Joseph Crawford",773.16
"Joseph Day",198.56
"Joseph Faulkner",242.21
"Joseph Flowers",414.75
"Joseph Gray",308.1
"Joseph Hayden",305.09
"Joseph Hill",380.22
"Joseph Kennedy",811.4
"Joseph Long",857.65
"Joseph Marquez",450.94
"Joseph Mays",713.03
"Joseph Mcintyre",265.73
"Joseph Mendoza",724.14
"Joseph Morales",433.85
"Joseph Morris",773.76
"Joseph Nelson",326.54
"Joseph Phillips",465.96
"Joseph Potter",148.69
"Joseph Powell",164.35
"Joseph Russo",718.21
"Joseph Smith",483.26
"Joseph Steele",226.92
"Joseph Taylor",747.63
"Joseph Thomas",168.32
"Joseph Ward",409.27
"Joshua Bell",553.83
"Joshua Brewer",435.18
"Joshua David",633.96
"Joshua Deleon",283.65
"Joshua Gallagher",610.97
"Joshua Harrington",475.75
"Joshua Kennedy",303.44
"Joshua Kirk",947.17
"Joshua Mcguire",141.07
"Joshua Middleton",102.77
"Joshua Orr",861.91
"Joshua Pierce",216.73
"Joshua Salas",487.66
"Joshua Santos",802.2
"Joy Meyers",659.25
"Joyce Williams",632.59
"Juan Dennis",575.55
"Juan Hall",836.37
"Juan Meyer",180.61
"Juan Peck",344.44
"Judith Ramsey",489.29
"Judy Barajas",783.25
"Julia George",419.09
"Julia Hernandez",127.93
"Julia Price",732.18
"Julia Smith",717.16
"Julian Ward",584.92
"Julie Allen",553.4
"Julie Bell",981.13
"Julie Cole",442.06
"Julie Hoffman",515.56
"Julie James",527.93
"Julie Kennedy",444.23
"Julie Lewis",638.69
"Julie Sanders",847.2
"Julie Williams",203.06
"Justin Adams",234.77
"Justin Arellano",714.64
"Justin Barton",795.7
"Justin Bonilla",614.06
"Justin Carter",790.71
"Justin Clements",490.26
"Justin Fowler",133.88
"Justin Frazier",595.5
"Justin Henson",621.3
"Justin Herrera",762.83
"Justin Ingram",268.78
"Justin Johnson",406.68
"Justin Long",194.13
"Justin Macdonald",475.04
"Justin Martin",157.4
"Justin Murphy",580.82
"Justin Reynolds",484.19
"Justin Rivera",868.8
"Justin Rodriguez",155.51
"Justin Soto",899.13
"Justin Stanton",367.74
"Justin Stone",906.21
"Justin Thompson",633.36
"Justin Winters",189.91
"Justin Young",459.53
"Kaitlin Lynn",771.06
"Kara English MD",924.64
"Kara Frazier MD",486.01
"Kara Kemp",337.15
"Kara King",587.34
"Karen Bailey",781.35
"Karen Brown",545.76
"Karen Fox",329.3
"Karen Gonzalez",340.01
"Karen Ramos MD",757.78
"Karen Ritter",358.81
"Karen Shaw",751.79
"Karen Thomas",106.54
"Karen Thompson",640.97
"Karen Whitehead",209.99
"Kari Davis",747.61
"Kari Finley",889.57
"Kari Sanchez",709.78
"Kari Smith",426.55
"Karla Ramirez",897.64
"Katelyn Hartman",101.21
"Katelyn Ruiz",485.39
"Katherine Chapman",752.82
"Katherine Morgan MD",806.47
"Katherine Neal",200.23
"Katherine Nelson",477.46
"Katherine Ramos",851.93
"Katherine Valentine",936.96
"Katherine Vasquez",449.66
"Katherine Ward",413.08
"Katherine Wilson",281.94
"Kathleen Anderson",547.83
"Kathleen Bailey",900.96
"Kathleen Cole",480.17
"Kathleen Dixon",206.93
"Kathleen Fletcher",862.82
"Kathleen Lee",485.84
"Kathleen Martin",641.68
"Kathleen Valenzuela",596.23
"Kathryn Higgins",658.54
"Kathryn Stephens",682.36
"Kathy Jenkins",703.84
"Kathy Myers DDS",581.43
"Kathy Norris",628.83
"Kathy Pearson",354.22
"Katie Bullock",689.93
"Katie Chandler",470.62
"Katie Davis",538.8
"Katie Harrington",599
"Katie Mccarthy",544.43
"Katie Wong MD",986.96
"Katrina Maldonado",505.59
"Katrina Parker",629.16
"Kayla Cruz",411.17
"Kayla Hall",782.43
"Kayla Peterson",934.3
"Kayla Schwartz",725.94
"Keith Curtis",868.98
"Keith Dean",418.25
"Keith Lewis",975.21
"Keith Mcconnell",609.9
"Keith Richardson",235.15
"Keith Scott",840.65
"Keith Smith",468.78
"Keith Thomas",584.99
"Kelli Lamb MD",990.89
"Kelly Bennett",811.24
"Kelly Bruce",491.99
"Kelly Castaneda",278.04
"Kelly Diaz",603.67
"Kelly Golden",564.48
"Kelly Hughes",363.35
"Kelly Lawson",965.62
"Kelly Mays",812.01
"Kelly Miller",988.08
"Kelly Morris",414.08
"Kelly Patterson DDS",673.02
"Kelly Rodriguez",940.2
"Kelly Rogers",380.72
"Kelly Smith",727.06
"Kelly Thompson DDS",344.74
"Kelly Walker",139.71
"Kelsey Garcia",751.86
"Kelsey Scott",747.74
"Kendra Rodriguez",557.34
"Kenneth Ferguson",546.47
"Kenneth Gonzalez",947.57
"Kenneth Kim",820.39
"Kenneth Mcneil",300.33
"Kenneth Miller",443.46
"Kenneth Parker",397.08
"Kenneth Rodriguez",926.76
"Kenneth Thompson",970.6
"Kenneth Williams",927.48
"Kerry Harrison",699.48
"Kevin Brown",321.61
"Kevin Carter",862.9
"Kevin Decker",877.57
"Kevin Deleon",778.36
"Kevin Gibson",716.62
"Kevin Lin",694.79
"Kevin Lyons",299.13
"Kevin Martinez",519.81
"Kevin Miller",399.38
"Kevin Mitchell",372.76
"Kevin Moore",670.82
"Kevin Navarro",935.49
"Kevin Nichols",664.23
"Kevin Palmer",699.81
"Kevin Palmer MD",848.99
"Kevin Paul",287.18
"Kevin Ramirez",674.84
"Kevin Reyes",750.79
"Kevin Robinson",374.13
"Kevin Roth",311.92
"Kevin Snow",853.43
"Kevin Turner",597.54
"Kevin Vasquez",835.35
"Kevin Welch",430.92
"Kevin Wilkinson",935.28
"Kiara Davenport",460.62
"Kim James",928.81
"Kim Lee",837.19
"Kim Moss",791.72
"Kim Shea",644.38
"Kimberly Atkinson",187.85
"Kimberly Becker",283.06
"Kimberly Blankenship",997.2
"Kimberly Choi",227.51
"Kimberly Doyle",353.21
"Kimberly Fisher",698.54
"Kimberly Garcia",421.07
"Kimberly Gray",582.49
"Kimberly Howard DVM",172.82
"Kimberly Lopez",424.19
"Kimberly Martin",791.99
"Kimberly Martinez",451.03
"Kimberly May",817.92
"Kimberly Mitchell",475.03
"Kimberly Owens",781.52
"Kimberly Petersen",295.67
"Kimberly Peterson",323.25
"Kimberly Reed",802.75
"Kimberly Richardson",582.7
"Kimberly Robinson",859.39
"Kimberly Ross",306.01
"Kimberly Smith",666.67
"Kimberly Thomas",106.14
"Krista Estrada",933.59
"Krista Fields",375.86
"Krista Maldonado",625.95
"Kristen Brown",441.22
"Kristen Harris",629.46
"Kristen Mills",278.33
"Kristen Oliver",938.01
"Kristen Rogers",601.66
"Kristi Davis",645.02
"Kristi Hampton",986.01
"Kristi Hernandez",849.63
"Kristi Jackson",733.04
"Kristi Lee",531.73
"Kristin Freeman",894.66
"Kristin Rodriguez",629.63
"Kristin Scott",597.62
"Kristin Terry",429.48
"Kristin Watson",631.98
"Kristina Nelson",628.48
"Kristopher Turner",765.84
"Kristy Rodriguez",421.93
"Kyle Brown",378.6
"Kyle Davis",934.92
"Kyle Escobar",949.32
"Kyle Hernandez",555.35
"Kyle Horton",466.81
"Kyle Wilson",380.61
"Kylie Gonzalez",677.67
"Kylie Tran",671.12
"Lance Steele",987.43
"Larry Clark",865.58
"Larry Johnson",430.3
"Larry Morales",779.79
"Larry Yang",784.1
"Latoya Schaefer",968.87
"Laura Baker",227.91
"Laura Berg",475.8
"Laura Brooks DVM",922.03
"Laura Burns",264.84
"Laura Carpenter",609.3
"Laura Cowan",123.64
"Laura Davis",186.07
"Laura Gonzalez",305.98
"Laura Hahn",662.56
"Laura Hammond",830.45
"Laura Hanson",103.35
"Laura Harper",721.86
"Laura Jones",534.82
"Laura Li",789.98
"Laura Mathis",348.89
"Laura Meadows",738.69
"Laura Moore",521.05
"Laura Palmer",837.22
"Laura Patterson",993.76
"Laura Sharp",348.3
"Laura Smith",275.62
"Laura Snyder",301.15
"Laura Thomas",230.57
"Laura Tucker",402.77
"Laura Walker",437.36
"Lauren Andrews",787.19
"Lauren Brown",583.4
"Lauren Dixon",868.74
"Lauren Malone",485.39
"Lauren Matthews",529.91
"Lauren Miller",109.33
"Lauren Parker",405.48
"Lauren Rogers PhD",843.28
"Laurie Bird",360.61
"Laurie Miller",850.57
"Lawrence Edwards",735.72
"Leah Holland",116.9
"Leah Thomas",718.39
"Leah Woods",177.63
"Lee Holt",749.47
"Leonard Garner",594.73
"Leonard Hancock",714.81
"Leonard Miller",410.36
"Leslie Clark",913.62
"Leslie Dyer",559.86
"Leslie Hall",234.05
"Leslie Howell",595.83
"Leslie Jacobs",574.91
"Leslie Miller",745.68
"Linda Bell",472.18
"Linda Carter",797.05
"Linda Cunningham",388.61
"Linda Harris",876.73
"Linda Lee",410.54
"Linda Moore",183.85
"Linda Pena",963.23
"Linda Serrano",582.07
"Linda Strong",674.14
"Linda Weaver",297.94
"Linda White",197.73
"Linda Wood",167.69
"Lindsay Adams",727.51
"Lindsay Allison",480.2
"Lindsay Butler",312.91
"Lindsay Matthews",723.5
"Lindsay Parker",383.95
"Lindsay Reid",138.67
"Lindsay Rogers",106.91
"Lindsay Williams",911.05
"Lindsey Johnson",646.65
"Lindsey Maldonado",245
"Lindsey Warner",196.03
"Lisa Barnes",552.54
"Lisa Edwards",352.54
"Lisa Freeman",350.22
"Lisa Gibbs",363.11
"Lisa Gomez",694.21
"Lisa Hahn",388.07
"Lisa Hall",939.92
"Lisa Harrell",625.69
"Lisa Harris",981.36
"Lisa Harrison",700.97
"Lisa Hebert",595.4
"Lisa Hensley",866.51
"Lisa Higgins",190.49
"Lisa Hill",728.28
"Lisa Huffman",266.62
"Lisa Jenkins",633.72
"Lisa Johnson",967.05
"Lisa Johnston",250.41
"Lisa Kennedy MD",452.38
"Lisa Malone",675.95
"Lisa Mitchell",866.63
"Lisa Payne",366.82
"Lisa Rodgers",424.44
"Lisa Ross",426.26
"Lisa Shelton",996.35
"Lisa Snyder",317.26
"Lisa Solis",553.86
"Lisa Stevens",785.39
"Lisa Suarez",617.27
"Lisa Thomas DDS",828.68
"Lisa Tran",536.2
"Lisa Williams",580.84
"Lisa Zuniga",303.8
"Logan Nelson",849.77
"Logan Smith",494.03
"Loretta Greene",681.4
"Loretta Hunter",243.07
"Loretta Reynolds",860.22
"Lori Brown",355.34
"Lori Bush",150.58
"Lori Cox",776.34
"Lori Kane",886.12
"Lori Mckee",442.39
"Lori Miles",242.25
"Lori Miller",944.24
"Lori Smith",924.85
"Lori Stout",973.62
"Lori Wall",899.17
"Lorraine Rodriguez",185.58
"Louis Fox",867.03
"Louis Mccall",619.72
"Louis Todd",649.18
"Lucas Hernandez",509.71
"Lucas King",281.7
"Lucas Larson",284.29
"Luis Greer",485.17
"Luis Ingram",499.97
"Luis Reynolds",746.8
"Luis Wiley",255.16
"Lydia Campbell",205.64
"Lynn Cuevas",891.25
"Lynn Duncan",820.96
"Lynn Fleming",702.69
"Lynn Green",166.08
"Lynn Hart",463.57
"Lynn Jones",451.56
"Lynn Nielsen",102.7
"Madeline Wallace",336.33
"Madison Rogers",733.92
"Makayla Hart",800.21
"Mallory Johnson",510.23
"Mandy Dunn",838.65
"Mandy Morrison",513.92
"Manuel Byrd",713.22
"Marc Burns",374.69
"Marc Price",338.36
"Marc Smith",144.83
"Marcia Johnson",278.16
"Marcus Davis",379.25
"Marcus Harris",683.49
"Marcus Leonard",300.21
"Margaret Best",552.67
"Margaret Cox",279.38
"Margaret Fitzgerald",510.95
"Margaret Martinez",443.55
"Margaret Morrison",761.7
"Margaret Padilla",942.72
"Margaret Perkins",781.95
"Margaret Walker",343.6
"Maria Barrett",142.21
"Maria Gonzalez",523.44
"Maria Johnson",312.42
"Maria Jones",861.1
"Maria Le",636.38
"Maria Ramos",586.71
"Maria Rios",143.08
"Mariah Jones",664.12
"Mariah Larsen",565.78
"Marissa Dean",269.03
"Marissa Harris",144.66
"Marissa Johnson",284.38
"Marissa Mcintyre",464.49
"Marissa Parker",777.95
"Mark Bailey",803.82
"Mark Baker",497.54
"Mark Bowen",338.16
"Mark Burton",793.77
"Mark Cisneros",206.73
"Mark Cooper",798.97
"Mark Cordova",217.33
"Mark Flores",587.16
"Mark Francis",725.98
"Mark Hammond",608.82
"Mark Johnson",807.32
"Mark Lam",664.61
"Mark Lewis",181.23
"Mark Lloyd",538.22
"Mark Lopez",134.99
"Mark Miller",981.06
"Mark Moore",667.23
"Mark Morgan",572.94
"Mark Perez",436.86
"Mark Ramirez",336.08
"Mark Roberson",777.06
"Mark Roberts",442.48
"Mark Smith",399.63
"Mark Williams",689.49
"Mark Zamora",179.21
"Martha Clements",292.8
"Martin Brown",378.39
"Martin Ingram",433.14
"Martin Ross",786.71
"Mary Baker",938.04
"Mary Bonilla",729.91
"Mary Coleman",512.51
"Mary Galloway",994.81
"Mary Gibson",780.12
"Mary Little",977.23
"Mary Morris",478.88
"Mary Ramirez",602.33
"Mary Robinson",450.64
"Mary Villanueva",788.33
"Matthew Alvarado",373.87
"Matthew Barrera",669.99
"Matthew Bennett",869.46
"Matthew Benson",943.84
"Matthew Brooks",958.46
"Matthew Brown",254.35
"Matthew Carter",656.46
"Matthew Cox",379.76
"Matthew Davis",372.99
"Matthew Fitzpatrick",299.97
"Matthew Garner",459.27
"Matthew Goodman",917.56
"Matthew Jones",148.29
"Matthew Kemp",559.24
"Matthew Lee",284.05
"Matthew Mason",426.82
"Matthew Meyer",537.24
"Matthew Mueller",118.68
"Matthew Nelson",232.5
"Matthew Parker",193.48
"Matthew Patterson",819.62
"Matthew Peterson",461.06
"Matthew Ramirez",751.97
"Matthew Rios",563.66
"Matthew Robertson",904.68
"Matthew Rodriguez",508.85
"Matthew Sanders",776.3
"Matthew Shaffer",573.84
"Matthew Stephens MD",963.42
"Matthew Watson",349.48
"Maureen Harris",320.87
"Maurice Cole",935.75
"Maurice Gonzales",152.69
"Maurice Green",892.56
"Maurice Rivera",141.88
"Maxwell Moore",832.16
"Mckenzie Myers",507.74
"Meagan Glenn",192.73
"Megan Aguilar",134.92
"Megan Chan",843.66
"Megan Espinoza",574.76
"Megan Hill",147.28
"Megan Reynolds",197.96
"Megan Smith",819.8
"Megan Wilson",192.61
"Meghan Robinson",813.39
"Meghan Romero",886.07
"Melanie Fernandez",374.9
"Melanie Harris",182.84
"Melanie Johnson",931.45
"Melanie Middleton",726.03
"Melissa Brown",465.72
"Melissa Campos",179.91
"Melissa Carson",928.71
"Melissa Carter",599.74
"Melissa Chambers",253.51
"Melissa Faulkner",742.18
"Melissa Jackson",813.43
"Melissa Kerr",433.69
"Melissa Marshall",969.03
"Melissa Martinez",143.39
"Melissa Miles",500.83
"Melissa Morgan",809.89
"Melissa Oliver",210.38
"Melissa Perkins",198.35
"Melissa Peters",696.51
"Melissa Powell PhD",559.78
"Melissa Savage",439.17
"Melissa Schmidt",548.18
"Melissa Shah",411.52
"Melissa Stark",108.02
"Melissa Villegas",961.84
"Melissa Whitehead",367.76
"Melissa Wood",719.1
"Melvin Porter",920.91
"Mercedes Garcia",657.64
"Meredith Miller",483.49
"Michael Bailey",963.54
"Michael Barnes",850.15
"Michael Bell",115.27
"Michael Berry",145.08
"Michael Brown",740.86
"Michael Butler",504.82
"Michael Carlson",490.33
"Michael Carroll",797.82
"Michael Chase",796.45
"Michael Copeland",651.77
"Michael Cummings",948.71
"Michael Dixon",443.45
"Michael Duke",838.07
"Michael Fletcher",248.83
"Michael Frazier",147.08
"Michael Garcia",395.89
"Michael Gray",694.27
"Michael Hill",796.62
"Michael Hoffman",528.55
"Michael Howard",406.19
"Michael Johnson",176.13
"Michael Kane",543.74
"Michael Kemp",723.2
"Michael Kramer",659.9
"Michael Larson",145.68
"Michael Lee",986.14
"Michael Lopez",717.29
"Michael Lynch",272.59
"Michael Lyons",964.33
"Michael Marks",657.85
"Michael May",606.89
"Michael Mckenzie",951.27
"Michael Mckinney",823.08
"Michael Mercado",157.85
"Michael Miller",830.78
"Michael Montgomery",357.52
"Michael Murillo",873.98
"Michael Nelson",527.5
"Michael Parker",826.58
"Michael Patel",104.66
"Michael Patterson",853.57
"Michael Price",339.01
"Michael Ramirez",669.3
"Michael Richardson",830.63
"Michael Roberts",483.99
"Michael Robinson",336.69
"Michael Romero",445.28
"Michael Schultz",925
"Michael Shannon",236.27
"Michael Smith",600.91
"Michael Sullivan",394.54
"Michael Wheeler",957.63
"Michael Wilcox",128.8
"Michael Williams",939.49
"Michael Williamson",120.37
"Michael Wright",309.88
"Michaela Diaz",161.15
"Michaela Wells",242.71
"Michaela Wright",290.47
"Micheal Bishop",142.42
"Micheal Munoz",948.43
"Michele Harding",214.12
"Michele Johnson",350.21
"Michele Mendoza",517.83
"Michele Ward",112.64
"Michelle Alvarado",960.9
"Michelle Baker",274.33
"Michelle Carlson",639.13
"Michelle Castillo",381.88
"Michelle Davila",658.12
"Michelle Gonzalez",650.08
"Michelle Hernandez",619.29
"Michelle Hicks",573.56
"Michelle Holmes",233.12
"Michelle Johnson",638.09
"Michelle Lara",440.14
"Michelle Lewis",699.39
"Michelle Lopez",778.72
"Michelle Mcdonald",372.08
"Michelle Moody",103.04
"Michelle Moreno",200.27
"Michelle Rosales",742.31
"Michelle Salas",939.86
"Michelle Sullivan",510.12
"Michelle Travis",802.99
"Miguel Cole",289.37
"Miguel Villarreal",733.63
"Mike Becker",160.86
"Mike Stevenson",531.69
"Mindy Saunders PhD",344.55
"Miranda Brown",623.64
"Miranda Kennedy",287.34
"Miranda Wilson",250.51
"Miss Jamie Miller",278.62
"Misty Burns",683.34
"Misty Holmes",494.29
"Misty Miranda",918.34
"Misty Trevino",643.63
"Mitchell Rogers",271.69
"Molly Bush",665.2
"Molly Gutierrez",309.86
"Molly Hughes",869.89
"Molly Miranda",224.09
"Molly Nguyen",415.45
"Molly Scott",675.04
"Monica Fox",754.8
"Monica Jimenez",581.12
"Monica Johnson",983.77
"Monica Keller",806.87
"Monica Ramirez",497.09
"Monica Roberts",893.71
"Monica Shaw",983.61
"Monica Wilson",780.53
"Monique Howard",834.12
"Monique Wang",755.77
"Monique Williams DVM",270.92
"Morgan Carlson",638.6
"Morgan Haas",719.7
"Morgan Thomas",295.4
"Morgan Wallace",806.47
"Morgan Wright",336.82
"Mr. Brandon Turner",777.7
"Mr. Casey Gonzales",119.48
"Mr. Christopher Howard II",955.17
"Mr. Donald Shepard",350.88
"Mr. Dustin Miranda MD",329.65
"Mr. Frederick Fuentes",391.31
"Mr. James Barnes",550.9
"Mr. James Mills",650.07
"Mr. John Singh",931.46
"Mr. Justin Hardy",125.06
"Mr. Kenneth Warren DVM",532.41
"Mr. Mike Rivera",746.93
"Mr. Paul Morales",333.08
"Mr. Philip Sullivan",787.98
"Mr. Robert Byrd MD",357.57
"Mr. Scott Gomez",100.45
"Mr. Tyler Daniels",905.56
"Mrs. Amanda Nicholson",608.46
"Mrs. Amy Foster",491.71
"Mrs. Amy Riley",775.32
"Mrs. Brittany Avila",988.47
"Mrs. Crystal White DVM",912.09
"Mrs. Elizabeth Murray DDS",674.24
"Mrs. Elizabeth Salazar",346.93
"Mrs. Erica Martinez MD",839.04
"Mrs. Jasmine Heath",659.82
"Mrs. Jessica Alvarado MD",459.59
"Mrs. Jordan Lee",692.71
"Mrs. Kathryn Leon",660.4
"Mrs. Kelly Rich PhD",442.86
"Mrs. Kristi Thornton",312.8
"Mrs. Lydia Riley",962.45
"Mrs. Margaret Moon DDS",606.3
"Mrs. Maria Cantrell MD",580.16
"Mrs. Nicole Simon",842.93
"Mrs. Sandra Howard DDS",625.76
"Mrs. Stacey Martinez",992.93
"Mrs. Stephanie Miller",996.01
"Mrs. Stephanie Silva",565.81
"Mrs. Tiffany Horton",792.67
"Mrs. Tracey Martinez",700.04
"Mrs. Valerie Brown",455.68
"Ms. Diamond Knox",247.58
"Ms. Jeanette Webster DDS",557.68
"Ms. Mary Smith",233.67
"Ms. Rebecca Conley",399.55
"Nancy Harrison",275.94
"Nancy Hughes",831.15
"Nancy Jones",166.35
"Nancy Lewis",749.69
"Nancy Lowe",261.81
"Nancy Mills",231.34
"Nancy Park",953.59
"Nancy Reyes",693.52
"Nancy Taylor",764.64
"Natalie Fields",803.98
"Natalie Ross",257.2
"Natalie Skinner",687.77
"Natalie Spears",485.29
"Natalie Thomas",244.84
"Natasha Lewis",918.34
"Nathan Hill",555.6
"Nathan Jones",115.06
"Nathan Juarez",257.8
"Nathan Kline",243.63
"Nathan Lewis",229
"Nathan Mitchell",862.33
"Nathan Williams",863.83
"Nathaniel Blevins",975.27
"Nathaniel Rasmussen",331.8
"Nathaniel Thomas",149.24
"Neil Miller",587.25
"Nicholas Briggs",813.01
"Nicholas Bryant",206.75
"Nicholas Carter",519.43
"Nicholas Daugherty",801.28
"Nicholas King",932.48
"Nicholas Larson",725.34
"Nicholas Mathis",195.29
"Nicholas Powell",518.79
"Nicholas Ryan",165.05
"Nicholas Scott",854.54
"Nicholas Thompson",750.25
"Nicholas Wallace",615.84
"Nichole Crawford",999.96
"Nicole Hernandez",388.02
"Nicole Horn",122.81
"Nicole Kelley",201.83
"Nicole Medina",515.31
"Nicole Rodgers",890.94
"Nicole Sampson",153.15
"Nicole Sanders",350.26
"Nicole Smith",985.02
"Nicole Taylor",578.58
"Nicole Thompson",323.79
"Nina Ramos",692.5
"Nina Rodriguez",761.95
"Noah Herrera",220.2
"Noah Morales",253.86
"Norman Chapman",559.52
"Norman Paul",369.68
"Olivia Holland",701.13
"Omar Shepherd MD",605.36
"Oscar Briggs",789.33
"Oscar Gonzalez",534.55
"Oscar Rodriguez",968.2
"Paige Duncan",763.44
"Paige Figueroa",184.27
"Pamela Acosta",979.98
"Pamela Fuentes",543.52
"Pamela Hernandez",571.48
"Pamela Mclaughlin",668.66
"Pamela Myers",764.22
"Pamela Richards",285.54
"Pamela Rodriguez",770.23
"Pamela Sanchez",405.13
"Pamela Sharp",321.08
"Pamela Stevens",961.1
"Patricia Bailey",974.31
"Patricia Boone",320.26
"Patricia Daugherty",104.34
"Patricia Ford",364.36
"Patricia Gross",309.74
"Patricia Hernandez",924.96
"Patricia King",623.98
"Patricia Lester",162.93
"Patricia Morris",299.68
"Patricia Nelson",391.88
"Patricia Phillips",614.11
"Patricia Simpson",189.64
"Patricia Smith",749.64
"Patricia Spencer",795.38
"Patrick Andrews",641.69
"Patrick Bryant",597.64
"Patrick Cruz",973.96
"Patrick Gomez",712.9
"Patrick Gray",637.61
"Patrick Jones",176.6
"Patrick Maddox",779.08
"Patrick Reeves",930.69
"Patrick Soto",826.58
"Paul Bradley",868.85
"Paul Cook",851.38
"Paul Davis",410.72
"Paul Farrell",551.45
"Paul Harrington",880.67
"Paul Henderson",145.39
"Paul James",782.82
"Paul Johnson",911.12
"Paul Martin",507.43
"Paul Page",354.28
"Paul Robinson",169.79
"Paul Simon",195.95
"Paul Terry",787.85
"Paul Torres",858.72
"Paul Williams",283.05
"Paul Young",825.58
"Paula Choi",698.82
"Paula Gill",559.59
"Paula Roth",694.03
"Pedro Elliott",394.74
"Pedro Rodriguez",837.64
"Penny Koch",441.79
"Penny Lopez",352.75
"Penny Stevenson",901.42
"Penny Taylor",341.78
"Peter Stokes",993.79
"Philip Flores",735.44
"Philip James",763.37
"Philip Smith",816.07
"Philip Williams",289.68
"Phillip Yates",590.97
"Priscilla Andrews",224.58
"Priscilla Walton",981.9
"Rachael Hoffman",282.21
"Rachel Barnes",879.94
"Rachel Bell",787.01
"Rachel Bishop",141.25
"Rachel Blackburn",600.64
"Rachel Brock",582.09
"Rachel Daniels",760.41
"Rachel Dixon",437.7
"Rachel Foster",730.04
"Rachel Harris",411.94
"Rachel Hood",343.76
"Rachel Jones",895.49
"Rachel Juarez",341.94
"Rachel Moore",223.34
"Rachel Parker",337.08
"Rachel Phillips",220.06
"Rachel Roach",115.55
"Rachel Rogers",301.03
"Ralph Chavez",399.05
"Randall Donaldson",756.42
"Randall Guzman",222.88
"Randall Little",981.44
"Randall Smith",700.99
"Randy Baker",489.69
"Randy Dixon",319.39
"Randy Howell",884.26
"Randy Lewis",299.7
"Randy Logan",465.3
"Randy Perkins",113.43
"Randy Wilson",991.1
"Raymond Chavez",333.27
"Raymond Lee",357.58
"Raymond Mitchell",254.26
"Rebecca Ball",155.14
"Rebecca Bradley",317.31
"Rebecca Brewer",383.84
"Rebecca Bullock",718.77
"Rebecca Frazier",842.67
"Rebecca Gonzalez",248.66
"Rebecca Hammond",797.13
"Rebecca Mack",681.23
"Rebecca Olson",767.49
"Rebecca Perez",501.89
"Rebecca Robbins",326.37
"Rebecca Romero",173.96
"Rebecca Smith",501.5
"Rebecca Stone",454.92
"Rebecca Terry",588.35
"Rebecca Wall",304.35
"Rebecca Welch",738.92
"Rebekah Campbell",742.98
"Regina Blevins",282.26
"Regina Brown",340.07
"Regina Richardson PhD",210.44
"Regina Robinson",759.7
"Regina Sullivan",348.22
"Reginald Shaw",488.68
"Reginald Turner",175.5
"Renee Bell",826.19
"Renee Calderon",886.45
"Renee Curtis",802.98
"Renee Mcdonald",399.23
"Renee Sutton",851.57
"Renee Williams",751.04
"Rhonda Clark",332.25
"Rhonda Ramirez",290.99
"Rhonda Rivera",677.74
"Rhonda Sanchez",852.79
"Rhonda Thompson",407.99
"Ricardo Reed",871.29
"Richard Adkins",460.39
"Richard Andrade",117.83
"Richard Brock",255.74
"Richard Clark",502.56
"Richard Fisher",498.92
"Richard Flynn",142.57
"Richard Graves",688.8
"Richard Hammond",741.6
"Richard Harris",864.22
"Richard Johnson",308.21
"Richard Jones",361.08
"Richard Lopez",517.92
"Richard Martin",823.95
"Richard Martinez",928.81
"Richard Mckee",161.4
"Richard Nguyen",832.15
"Richard Owen",865.57
"Richard Ramos",933.2
"Richard Rodriguez",701.83
"Richard Rogers",852.87
"Richard Ross",107.14
"Richard Thomas",398.23
"Richard Warner",877.41
"Rickey Smith",921.26
"Ricky Mora",390.96
"Ricky Thomas",816.37
"Robert Barnett",671.88
"Robert Bartlett",838.52
"Robert Barton",229.03
"Robert Blanchard",349.86
"Robert Campbell",296.24
"Robert Chapman",310.59
"Robert Cooley",803.73
"Robert Flores",539.06
"Robert Gardner",147.35
"Robert George",740.89
"Robert Gray",499.86
"Robert Herrera",834.12
"Robert Hill",887.15
"Robert Ingram",428.33
"Robert Johnson",712.84
"Robert Jones",328.06
"Robert Kane",450.2
"Robert Keller",972.66
"Robert Kennedy",848.76
"Robert Kidd",261.17
"Robert Lee",280.46
"Robert Liu",240.77
"Robert May",251.78
"Robert Nelson",775.52
"Robert Novak",450.65
"Robert Ortiz",413.42
"Robert Phelps",680.88
"Robert Powell",616.43
"Robert Ramirez",504.62
"Robert Smith",384.28
"Robert Stevens",847.56
"Robert Tapia",801.63
"Robert Torres",334.08
"Robert Tyler",923.06
"Robert Weaver",946.67
"Robert Yates",817.04
"Robert Young",254.38
"Roberta Jones",423.81
"Roberto Brennan",737.91
"Roberto Stone",719.24
"Robin Banks",191.49
"Robin Becker",234.76
"Robin Berry",423.31
"Robin Christensen",747.02
"Robin Lewis",906.05
"Robin Morgan",734.77
"Robin Oneill",889.87
"Robin Sims",607.93
"Robin Smith MD",651.23
"Rodney Deleon",626.4
"Roger David",766.04
"Ronald Butler",380.3
"Ronald Chang",643.07
"Ronald Hughes",849.04
"Ronald Jackson",774.02
"Ronald Jones",147.59
"Ronald Long",206.16
"Ronald Marsh",837.05
"Ronald Nunez",935.2
"Ronald Ortiz",573.29
"Ronald Pearson",807.49
"Ronald Rivera",503.99
"Ronald Shaw",753.01
"Ronald Williamson",652.89
"Rose Ortega DDS",779.69
"Rose Schmidt",730.99
"Rose Smith",524.34
"Roy Johnson",521.69
"Roy Juarez",596.48
"Roy Morales",533.27
"Roy Stone",925.8
"Ruben Gilbert",136.23
"Ruben Lopez",955.32
"Russell Boone",420.72
"Russell Gutierrez",770.12
"Ryan Adkins",252.53
"Ryan Anderson",259.71
"Ryan Bradley",609.5
"Ryan Carey",639.93
"Ryan Craig",807.02
"Ryan Crawford",197.34
"Ryan Decker",134.11
"Ryan Fitzgerald",461.79
"Ryan Flores",537.73
"Ryan Fowler",942.75
"Ryan Gray",932.34
"Ryan Hunter",306.3
"Ryan King",694.61
"Ryan Morris",624.8
"Ryan Powers",107.25
"Ryan Russell",287.71
"Ryan Zhang",282.37
"Sabrina Delgado",936.24
"Sabrina Hicks",874.1
"Samantha Benson",807.71
"Samantha Chan",395.1
"Samantha Chase MD",348.84
"Samantha Fisher",886.9
"Samantha Hodge",964.44
"Samantha Jackson",400.81
"Samantha Mcguire",752.91
"Samantha Nichols",684.35
"Samantha Randolph",737.84
"Samantha Thompson",592.96
"Samantha Vega",420.06
"Samantha Williams",389.59
"Samuel Henry",142.7
"Samuel Lynch",445.04
"Samuel Miller",405.4
"Samuel Moore",765.32
"Samuel Sparks",791.74
"Samuel Ward",350.59
"Samuel Wilson",526.08
"Sandra Andrade",906.63
"Sandra Bates",692.63
"Sandra Bennett",764.14
"Sandra Ferrell",449.35
"Sandra Fowler",945.68
"Sandra Haney",393.54
"Sandra Herman",896.12
"Sandra Jenkins",317.55
"Sandra Joseph",199.14
"Sandra Li",510.72
"Sandra Poole",293.64
"Sandra Rodriguez",140.61
"Sandra Russell",141.38
"Sandra Warren",167.34
"Sara Johnson",459.39
"Sara King",780.71
"Sara Perry",121.05
"Sara Ramirez",881.61
"Sara Smith",478.73
"Sarah Benson",683.96
"Sarah Blake",354.19
"Sarah Boone",774.74
"Sarah Butler",986.78
"Sarah Cain",585.73
"Sarah Edwards",972.82
"Sarah Gray",202.97
"Sarah Harris",166.78
"Sarah Hernandez",938.18
"Sarah Mcpherson",162.62
"Sarah Mitchell",336.64
"Sarah Payne",172.19
"Sarah Perkins",890.39
"Sarah Ramirez",503.22
"Sarah Rodriguez",752.12
"Sarah Rojas",977.29
"Sarah Ryan",691.32
"Sarah Smith",347.29
"Sarah Stone",316.03
"Sarah Walker",775.97
"Sarah Walter",389.63
"Sarah Willis",134.44
"Scott Alvarado",197.3
"Scott Anderson",771.61
"Scott Brooks",919.75
"Scott Calhoun",264.74
"Scott Cherry",559.06
"Scott Everett",902.11
"Scott Gordon",264.88
"Scott Griffin",746.17
"Scott Howard",140.91
"Scott Kline",728.77
"Scott Mathis",833.52
"Scott Miranda",584.29
"Scott Nelson",563.38
"Scott Peck",858.12
"Scott Rice",670.68
"Scott Richardson",396.28
"Scott Rowe",732.88
"Scott Smith",128.25
"Scott Williams",998.74
"Scott Young",945.93
"Sean Casey",722.5
"Sean Johnson",667.54
"Sean Jones",492.39
"Sean Joyce",443.13
"Sean Mckee",802.66
"Sean Padilla",894.09
"Sean Patterson",851.87
"Sean Sanchez",547.86
"Sean Wallace",695.24
"Sergio James",711.15
"Sergio Wheeler",878.67
"Seth Bradley",655.68
"Seth Rice",585.65
"Seth Smith",517.62
"Shane James",443.56
"Shane Jones",598.22
"Shane Ortiz",305.31
"Shane Quinn",211.17
"Shane Salazar",809.39
"Shane Short",124.54
"Shane Weaver",878.65
"Shannon Flores",485.2
"Shannon Knight",897.32
"Shannon Norman",937.57
"Shannon Spencer",614.4
"Shannon Taylor",274.85
"Shannon Turner",415.18
"Shannon White",572.14
"Sharon Cain",751.13
"Sharon Decker",274.98
"Sharon Flores DDS",208.17
"Sharon Lee",898.01
"Sharon Matthews",396.9
"Sharon Mcconnell",253.14
"Sharon Mcfarland",309.56
"Sharon Miller",206.44
"Sharon Park",881.48
"Sharon Sanchez",300.52
"Sharon Walker",855.26
"Shaun Torres",549.19
"Shawn Dillon",266.42
"Shawn Glass",523.79
"Shawn Harris",349.46
"Shawn Hernandez",762.36
"Shawn Marks",889.09
"Shawn Martin",949.81
"Shawn Newman",853.26
"Shawn Rivera",768.05
"Shawn Spencer",767.56
"Shawn Williams",218.31
"Sheila Gutierrez",855.84
"Shelby Fields",816.24
"Shelby Johnson",602.12
"Shelby Welch",293.34
"Shelley Blackburn",524.51
"Shelley Mccoy",310.28
"Shelly Baker",769.23
"Sheri Reed",755.13
"Sherri Cole",691.71
"Sherri Robertson",155.61
"Sherri Snyder",320.34
"Sherry Cortez",499.48
"Sherry Peterson",407.96
"Shirley Ali",977.99
"Shirley Orr",337.06
"Sierra Bishop",503.3
"Sierra Liu",318.19
"Sierra Mooney",899.57
"Sierra Oneill",752.97
"Sophia Roberts",260.97
"Spencer Ford",419.83
"Stacey Anderson",290.13
"Stacey English",739.85
"Stacey Esparza",320.01
"Stacey Ford",952.69
"Stacey Sparks",680.45
"Stacy Cole",569.76
"Stacy Diaz",267.72
"Stacy Fisher",155.14
"Stacy Henderson",573.31
"Stacy Leonard",255.61
"Stacy Morton",758.75
"Stacy Smith",997.74
"Stephanie Anderson",401.97
"Stephanie Best",559.08
"Stephanie Black",767.56
"Stephanie Blake",955.95
"Stephanie Brown",959.22
"Stephanie Bruce",307.13
"Stephanie Combs",107.47
"Stephanie Cook",669.41
"Stephanie Dixon",155.46
"Stephanie Edwards",870.15
"Stephanie Farmer",811.14
"Stephanie Garza",790.15
"Stephanie Good DVM",976.58
"Stephanie Haney",858.8
"Stephanie Hill",930.06
"Stephanie Hopkins",440.24
"Stephanie Horton",426.45
"Stephanie Johnson",950.3
"Stephanie Mullins",620.24
"Stephanie Navarro",920.78
"Stephanie Obrien",976.59
"Stephanie Parrish",425.59
"Stephanie Rogers",638.92
"Stephanie Saunders",269.88
"Stephanie Scott",538.94
"Stephanie Stevens",798.37
"Stephanie Stokes",609.18
"Stephanie Zamora",686.34
"Stephen Blair",442.56
"Stephen Chandler",903.88
"Stephen Estrada",828.48
"Stephen Freeman",795.89
"Stephen Graham",533.56
"Stephen Henry",202.35
"Stephen Mcdonald",494.96
"Stephen Neal",653.23
"Stephen Parker",777.46
"Stephen Silva",968.31
"Stephen West",784.22
"Stephen Wheeler",742.16
"Steven Blair",249.88
"Steven Coleman",994.03
"Steven Dominguez",175.63
"Steven Gardner",108.99
"Steven Golden",813.17
"Steven Greer III",252.59
"Steven Gutierrez",761.31
"Steven Hernandez",704.53
"Steven Ingram",105.18
"Steven Larson",784.15
"Steven Lewis",310.44
"Steven Miller",880.21
"Steven Sanchez",900.52
"Steven Sanders",573.47
"Steven Scott PhD",550.55
"Steven Sharp",791.98
"Steven Smith",963.95
"Steven Terrell",990.52
"Steven Villa",756.7
"Steven Williams",430.35
"Steven Wood",826.15
"Summer Brown",661.36
"Susan Compton",322.33
"Susan Fitzgerald",339.84
"Susan Fowler",105.41
"Susan Garcia",240.57
"Susan Johnson",878.94
"Susan Luna",440.35
"Susan Morgan",810.59
"Susan Murphy",208.13
"Susan Myers",137.96
"Susan Nelson",123.32
"Susan Shelton",907.13
"Susan Wilson",202.62
"Suzanne Watson",333.78
"Suzanne Young",119.71
"Sydney Bryant",846.22
"Sydney Johnson",184.21
"Sylvia Obrien",932.4
"Sylvia Sweeney",230.77
"Tamara Harris",396.81
"Tamara Hayes",502.7
"Tamara Lee",529
"Tamara Perez",967.08
"Tammie Williams",770.33
"Tammy Bowen",718.16
"Tammy Foster",623.75
"Tammy Gaines",886.01
"Tammy Jarvis",861.83
"Tammy King",845.86
"Tammy Mejia",518.62
"Tammy Norman",309.24
"Tammy Paul",808.85
"Tammy Sampson",400.62
"Tammy Smith",759.56
"Tammy Thomas",805.93
"Tanya Avila",261.25
"Tanya Cruz",937.85
"Tanya Lozano",213.38
"Tanya Marshall",803.79
"Tanya Melendez",834.44
"Tara Ballard",712.64
"Tara Brown",104.8
"Tara Christensen",237.75
"Tara Moses",146.18
"Taylor Baker",871.12
"Taylor Barron",702.84
"Taylor Bradley",721.96
"Taylor Harrington",272.58
"Taylor Lopez",819.64
"Taylor Rodriguez",606.11
"Taylor Thomas",413.28
"Teresa Dickerson PhD",937.89
"Teresa Jenkins",486.43
"Teresa Lee",401.53
"Teresa Long",829.59
"Teresa Morris",518.24
"Teresa Reilly",585.84
"Teresa Rogers",995.4
"Terrence Hopkins",308.19
"Terri Christensen",833.23
"Terri James",473.02
"Terri Martin",514.94
"Terry Gomez",487.4
"Terry Green",997.4
"Terry Maddox",294.91
"Terry Mcdonald",537.71
"Terry Russell",446.07
"Terry Short",235.82
"Theodore Holt",352.45
"Theodore Robles",764.36
"Theodore Torres",274.97
"Theresa Burke",192.39
"Theresa Grant",136.81
"Theresa Martin",501.92
"Theresa Martinez",887.08
"Theresa Mcclure",664.5
"Theresa Yang",361.28
"Thomas Adams",679.57
"Thomas Allen DDS",946.81
"Thomas Baker",485.44
"Thomas Castillo",187.31
"Thomas Cunningham",347.4
"Thomas Elliott",446.22
"Thomas Erickson",932.44
"Thomas Floyd",131.78
"Thomas Frederick",436.63
"Thomas French",637.58
"Thomas Jensen",731.18
"Thomas Johnson",104.48
"Thomas Lee",745.69
"Thomas Martinez",106.88
"Thomas Mcknight",997.15
"Thomas Moran",193.99
"Thomas Nguyen",900.85
"Thomas Pena",456.65
"Thomas Ray",514.23
"Thomas Schmitt",697.89
"Thomas Smith",815.35
"Thomas Stevenson",484.02
"Thomas Villarreal",634.36
"Thomas Ware",265.22
"Thomas Williams",739.32
"Tiffany Adams",863.73
"Tiffany Barajas",114.81
"Tiffany Cox",510.69
"Tiffany Franco DVM",580.09
"Tiffany Glover",436.47
"Tiffany Gutierrez",998.32
"Tiffany Johnson",803.16
"Tiffany Kelley",720.1
"Tiffany Perez",573.33
"Tiffany Reed",737.61
"Tiffany Rubio",494.19
"Tiffany Smith",447.67
"Tiffany Thornton",941.12
"Tim Henderson",438.31
"Tim Hicks Jr.",316.38
"Timothy Black",805.05
"Timothy Coleman",939.39
"Timothy Ellis",730.23
"Timothy Freeman",150.04
"Timothy Jones",811.91
"Timothy Lewis",478.95
"Timothy Mckee",642.68
"Timothy Moreno",220.41
"Timothy Osborne",845.75
"Timothy Rice",285.56
"Timothy Richard",992.48
"Timothy Santos",689.77
"Timothy Taylor",843.68
"Timothy Valdez",258.08
"Timothy Valencia",178.4
"Timothy Walker",237.3
"Timothy Wheeler",471.5
"Timothy Wood",689.76
"Tina Lee",897.51
"Todd Clark",568.57
"Todd Hansen",534.28
"Todd Mason",289.93
"Todd Medina",791.44
"Todd Ramirez",122.07
"Todd Shea",263.8
"Tommy Wilson",813.9
"Toni Bridges",343.52
"Tony Burns",456.3
"Tony Long",999.06
"Tony Ray",976.9
"Tonya Austin",412.09
"Tonya Stein",945.59
"Tonya Wiley",196.94
"Tracey Taylor",198.45
"Traci Costa",559.87
"Tracie Hicks",734.87
"Tracy Davis",599.79
"Tracy English",400.73
"Tracy Gonzalez",653.99
"Tracy Melton",717.95
"Tracy Roberts",724.51
"Tracy Russell",674.34
"Tracy Sanchez",910.33
"Tracy Simmons",109.96
"Tracy Valenzuela",325.7
"Tracy Watson",628.77
"Travis Cook",578.81
"Travis Cummings",263.21
"Travis Knox",769.42
"Travis Moore",809.38
"Travis Ryan",382
"Trevor Holmes",900.02
"Trevor Perry",706.1
"Tricia Flowers",736.19
"Tricia Nelson",364.55
"Troy Adams",135.95
"Troy Johnson",973.11
"Troy Turner",597.63
"Troy Willis",620.63
"Tyler Cordova",528.18
"Tyler Farmer",193.58
"Tyler Hill",760.34
"Tyler Mcgee",724.87
"Tyler Ortega",668.91
"Tyler Sanchez",605.12
"Tyrone Fernandez",835.07
"Valerie Blair",263.3
"Valerie Collins",746.05
"Valerie Gonzalez",272.77
"Valerie Tucker",892.97
"Valerie Villegas",132.09
"Vanessa Johnson",278.96
"Vanessa Lynch",138.4
"Vanessa Riley",503.04
"Vanessa Rosario",564.38
"Vanessa Valdez",640.14
"Vanessa Villarreal",727.9
"Veronica Knapp",639.06
"Veronica Ross",474.15
"Vicki Cook",151.43
"Vickie Anderson",610.88
"Vickie Fisher",593.14
"Victoria Berry",286.87
"Victoria Padilla",961.68
"Victoria Patel",190.51
"Victoria Richardson",176.82
"Victoria Riley",720.07
"Victoria Stevens",653.32
"Victoria Vasquez",256.82
"Victoria Whitehead",257.4
"Vincent Lester",337.94
"Vincent Lopez",107.64
"Vincent Spencer",604.93
"Vincent Wang",995.42
"Virginia Clayton DVM",667.32
"Virginia Johnson",786.62
"Virginia Small",713.84
"Walter Daniels",716.52
"Walter Frazier",898.37
"Wanda Jones",839.16
"Wayne Ferguson",248.85
"Wayne Morgan",897.62
"Wayne Williams",592.23
"Wendy Curry",602.21
"Wendy Gibson",169.46
"Wendy Jimenez",374.1
"Wendy Lopez",867.59
"Wendy Short",527.62
"Whitney Morgan DVM",673.29
"Whitney Smith",613.58
"William Alvarez",753.69
"William Atkinson",826.82
"William Bell",652.57
"William Bowman",909.73
"William Bridges",299.74
"William Brooks",784.73
"William Collins",719
"William Davenport",397.18
"William Davis",602.7
"William Dunn",919.1
"William Farrell",500.45
"William Ford",343.07
"William Frank",776.58
"William Graham",786.38
"William Hensley",637.86
"William Hernandez",747.42
"William Johnson",393.88
"William Jones",186.57
"William Lambert",398.36
"William Leonard",512.02
"William Moore",638.07
"William Nguyen",511.15
"William Oconnor",962.13
"William Paul",131.98
"William Peterson",354.82
"William Rios",350.68
"William Rocha",701.87
"William Rodriguez",586.89
"William Smith",398.54
"William Stanley",294.23
"William Thomas",638.26
"William Willis",388.84
"William Wilson",833.99
"Willie Hernandez",919.52
"Willie Roth",506.99
"Willie Smith",729.76
"Wyatt Gray",280.06
"Wyatt Hansen",205.92
"Yolanda Wilson",244.5
"Yvette Myers",471.42
"Yvonne Anderson",969.98
"Zachary Alvarez",996.77
"Zachary Chandler",587.63
"Zachary Cole",852.72
"Zachary Ferrell",152.86
"Zachary Jackson",290.8
"Zachary Jennings",527.6
"Zachary Jones",587.29
"Zachary Wilson",943.8
"Zoe Smith",870.01
"Zoe Vasquez",921.81
